{
  "colsample_bytree": 0.9585314566562829,
  "learning_rate": 0.010834962192658672,
  "max_depth": 5,
  "n_estimators": 51,
  "subsample": 0.6453666960717106
}